{
  "FilterHeaders": [
    {
      "Header": "user-agent",
      "IncludeInScript": false
    },
    {
      "Header": "accept-language",
      "IncludeInScript": false
    },
    {
      "Header": "accept-encoding",
      "IncludeInScript": false
    },
    {
      "Header": "accept",
      "IncludeInScript": false
    }
  ],
  "FilterResources": [
    {
      "IsNonResource": true,
      "type": "text/html"
    },
    {
      "IsNonResource": false,
      "type": "image/png"
    }
  ],
  "GeneralInfo": {
    "BrowserVersion": "",
    "IsWinInetMode": false,
    "MaxUsedConnections": 3,
    "RecordedBrowser": "Internet Explorer",
    "RecordingDate": "Jan-30-2019",
    "RecordingDuration": 133406,
    "RecordingMode": "N/A",
    "RecordingTimeStamp": 1548824449,
    "RecordingType": "Browser",
    "TotalBytesReceived": 322789,
    "TotalBytesSent": 1062,
    "TotalRequests": 3,
    "UserAgent": "Mozilla/5.0 (Windows NT 10.0; WOW64; Trident/7.0; rv:11.0) like Gecko"
  },
  "HostInfo": [
    {
      "DomainName": "18.222.58.52",
      "Domains": [
        {
          "HTTPVersion": "HTTP/1.1",
          "IP": "18.222.58.52",
          "IncludeInScript": true,
          "Name": "18.222.58.52",
          "Port": 80,
          "Requests": [
            {
              "CompressionType": "",
              "DataType": "image/png",
              "DownloadTime": 48234,
              "EventId": 31,
              "HttpStatus": 200,
              "Size": 3355,
              "URL": "http://18.222.58.52/web_pics/logo_sogeti.png"
            },
            {
              "CompressionType": "",
              "DataType": "image/png",
              "DownloadTime": 344,
              "EventId": 25,
              "HttpStatus": 200,
              "Size": 314698,
              "URL": "http://18.222.58.52/web_pics/logo_capgemini.png"
            },
            {
              "CompressionType": "",
              "DataType": "text/html",
              "DownloadTime": 53922,
              "EventId": 12,
              "HttpStatus": 200,
              "Size": 4736,
              "URL": "http://18.222.58.52/example4/index.php"
            }
          ],
          "SSLCipher": "None",
          "SSLVersion": "None"
        }
      ],
      "IncludeInScript": true
    }
  ],
  "WebSocket": {
    "IncludeInScript": false,
    "IsScriptIncludeWebSocket": false
  },
  "NumberOfCorrelations": 0
}