{
  "FilterHeaders": [
    {
      "Header": "user-agent",
      "IncludeInScript": false
    },
    {
      "Header": "origin",
      "IncludeInScript": true
    },
    {
      "Header": "accept-language",
      "IncludeInScript": false
    },
    {
      "Header": "accept-encoding",
      "IncludeInScript": false
    },
    {
      "Header": "accept",
      "IncludeInScript": false
    }
  ],
  "FilterResources": [
    {
      "IsNonResource": false,
      "type": "text/javascript"
    },
    {
      "IsNonResource": true,
      "type": "text/html"
    },
    {
      "IsNonResource": false,
      "type": "text/css"
    },
    {
      "IsNonResource": false,
      "type": "image/x-icon"
    },
    {
      "IsNonResource": false,
      "type": "image/png"
    },
    {
      "IsNonResource": false,
      "type": "application/vnd.ms-fontobject"
    }
  ],
  "GeneralInfo": {
    "BrowserVersion": "",
    "IsWinInetMode": false,
    "MaxUsedConnections": 6,
    "RecordedBrowser": "Internet Explorer",
    "RecordingDate": "Jan-08-2019",
    "RecordingDuration": 12656,
    "RecordingMode": "N/A",
    "RecordingTimeStamp": 1546938256,
    "RecordingType": "Browser",
    "TotalBytesReceived": 329817,
    "TotalBytesSent": 12693,
    "TotalRequests": 21,
    "UserAgent": "Mozilla/5.0 (Windows NT 10.0; WOW64; Trident/7.0; rv:11.0) like Gecko"
  },
  "HostInfo": [
    {
      "DomainName": "shaft.com",
      "Domains": [
        {
          "HTTPVersion": "HTTP/1.1",
          "IP": "10.10.10.51",
          "IncludeInScript": true,
          "Name": "ed.shaft.com",
          "Port": 80,
          "Requests": [
            {
              "CompressionType": "gzip",
              "DataType": "text/javascript",
              "DownloadTime": 47,
              "EventId": 105,
              "HttpStatus": 200,
              "Size": 1512,
              "URL": "http://ed.shaft.com/combo/?browserId=other&minifierType=&languageId=en_US&b=6201&t=1395209624000&/html/js/aui/querystring-parse/querystring-parse-min.js&/html/js/aui/aui-url/aui-url-min.js"
            },
            {
              "CompressionType": "gzip",
              "DataType": "text/javascript",
              "DownloadTime": 532,
              "EventId": 101,
              "HttpStatus": 200,
              "Size": 21307,
              "URL": "http://ed.shaft.com/combo/?browserId=other&minifierType=&languageId=en_US&b=6201&t=1395209624000&/html/js/liferay/hudcrumbs.js&/html/js/aui/async-queue/async-queue-min.js&/html/js/aui/gesture-simulate/gesture-simulate-min.js&/html/js/liferay/navigation_interaction.js&/html/js/aui/aui-parse-content/aui-parse-content-min.js&/html/js/liferay/portlet_url.js&/html/js/aui/aui-loading-mask-deprecated/aui-loading-mask-deprecated-min.js&/html/js/aui/aui-dialog-iframe-deprecated/aui-dialog-iframe-deprecated-min.js&/html/js/aui/widget-autohide/widget-autohide-min.js&/html/js/aui/button-core/button-core-min.js&/html/js/aui/button-plugin/button-plugin-min.js&/html/js/aui/widget-buttons/widget-buttons-min.js&/html/js/aui/widget-modality/widget-modality-min.js&/html/js/aui/dd-ddm-base/dd-ddm-base-min.js&/html/js/aui/dd-drag/dd-drag-min.js&/html/js/aui/dd-plugin/dd-plugin-min.js&/html/js/aui/dd-constrain/dd-constrain-min.js&/html/js/aui/event-flick/event-flick-min.js&/html/js/aui/event-valuechange/event-valuechange-min.js"
            },
            {
              "CompressionType": "gzip",
              "DataType": "text/javascript",
              "DownloadTime": 516,
              "EventId": 98,
              "HttpStatus": 200,
              "Size": 15122,
              "URL": "http://ed.shaft.com/combo/?browserId=other&minifierType=&languageId=en_US&b=6201&t=1395209624000&/html/js/aui/event-tap/event-tap-min.js&/html/js/aui/dd-ddm/dd-ddm-min.js&/html/js/aui/dd-ddm-drop/dd-ddm-drop-min.js&/html/js/aui/dd-drop/dd-drop-min.js&/html/js/aui/dd-drop-plugin/dd-drop-plugin-min.js&/html/js/aui/dd-delegate/dd-delegate-min.js&/html/js/aui/resize-base/resize-base-min.js&/html/js/aui/resize-plugin/resize-plugin-min.js&/html/js/aui/button/button-min.js&/html/js/aui/button-group/button-group-min.js&/html/js/aui/aui-button-core/aui-button-core-min.js&/html/js/aui/aui-toolbar/aui-toolbar-min.js&/html/js/aui/aui-widget-toolbars/aui-widget-toolbars-min.js&/html/js/aui/aui-modal/aui-modal-min.js&/html/js/liferay/widget_zindex.js&/html/js/liferay/util_window.js&/html/js/liferay/sign_in_modal.js"
            },
            {
              "CompressionType": "",
              "DataType": "image/x-icon",
              "DownloadTime": 265,
              "EventId": 96,
              "HttpStatus": 200,
              "Size": 1150,
              "URL": "http://ed.shaft.com/html/themes/classic/images/favicon.ico"
            },
            {
              "CompressionType": "gzip",
              "DataType": "text/css",
              "DownloadTime": 78,
              "EventId": 94,
              "HttpStatus": 200,
              "Size": 1706,
              "URL": "http://ed.shaft.com/combo/?browserId=other&minifierType=&languageId=en_US&b=6201&t=1395209624000&/html/js/aui/cssbutton/cssbutton-min.css&/html/js/aui/widget-modality/assets/skins/sam/widget-modality.css&/html/js/aui/resize-base/assets/skins/sam/resize-base.css"
            },
            {
              "CompressionType": "gzip",
              "DataType": "text/javascript",
              "DownloadTime": 140,
              "EventId": 92,
              "HttpStatus": 200,
              "Size": 326,
              "URL": "http://ed.shaft.com/combo/?browserId=other&minifierType=&languageId=en_US&b=6201&t=1395209624000&/html/js/liferay/language.js"
            },
            {
              "CompressionType": "gzip",
              "DataType": "text/javascript",
              "DownloadTime": 1828,
              "EventId": 90,
              "HttpStatus": 200,
              "Size": 212,
              "URL": "http://ed.shaft.com/html/themes/classic/js/main.js?browserId=other&minifierType=js&languageId=en_US&b=6201&t=1545334001000"
            },
            {
              "CompressionType": "gzip",
              "DataType": "text/javascript",
              "DownloadTime": 47,
              "EventId": 87,
              "HttpStatus": 200,
              "Size": 6617,
              "URL": "http://ed.shaft.com/combo/?browserId=other&minifierType=&languageId=en_US&b=6201&t=1395209624000&/html/js/aui/transition/transition-min.js&/html/js/aui/aui-toggler-base/aui-toggler-base-min.js&/html/js/aui/aui-toggler-delegate/aui-toggler-delegate-min.js&/html/js/liferay/language.js&/html/js/aui/querystring-stringify/querystring-stringify-min.js&/html/js/aui/aui-io-request/aui-io-request-min.js&/html/js/liferay/store.js"
            },
            {
              "CompressionType": "gzip",
              "DataType": "text/javascript",
              "DownloadTime": 31,
              "EventId": 84,
              "HttpStatus": 200,
              "Size": 404,
              "URL": "http://ed.shaft.com/html/js/liferay/available_languages.jsp?browserId=other&themeId=classic&colorSchemeId=01&minifierType=js&languageId=en_US&b=6201&t=1395209624000"
            },
            {
              "CompressionType": "gzip",
              "DataType": "text/css",
              "DownloadTime": 62,
              "EventId": 82,
              "HttpStatus": 200,
              "Size": 114,
              "URL": "http://ed.shaft.com/combo/?browserId=other&minifierType=&languageId=en_US&b=6201&t=1395209624000&/html/js/aui/aui-toggler-base/assets/skins/sam/aui-toggler-base.css"
            },
            {
              "CompressionType": "gzip",
              "DataType": "text/javascript",
              "DownloadTime": 63,
              "EventId": 79,
              "HttpStatus": 200,
              "Size": 1509,
              "URL": "http://ed.shaft.com/combo/?browserId=other&minifierType=&languageId=en_US&b=6201&t=1395209624000&/html/js/aui/event-move/event-move-min.js"
            },
            {
              "CompressionType": "gzip",
              "DataType": "text/javascript",
              "DownloadTime": 141,
              "EventId": 71,
              "HttpStatus": 200,
              "Size": 8581,
              "URL": "http://ed.shaft.com/combo/?browserId=other&minifierType=&languageId=en_US&b=6201&t=1395209624000&/html/js/aui/base-core/base-core-min.js&/html/js/aui/base-observable/base-observable-min.js&/html/js/aui/aui-widget-cssclass/aui-widget-cssclass-min.js&/html/js/aui/aui-widget-toggle/aui-widget-toggle-min.js&/html/js/aui/base-build/base-build-min.js&/html/js/aui/widget-position/widget-position-min.js&/html/js/aui/widget-stack/widget-stack-min.js&/html/js/aui/widget-position-align/widget-position-align-min.js&/html/js/aui/widget-position-constrain/widget-position-constrain-min.js&/html/js/aui/widget-stdmod/widget-stdmod-min.js&/html/js/aui/aui-overlay-base-deprecated/aui-overlay-base-deprecated-min.js&/html/js/aui/aui-overlay-mask-deprecated/aui-overlay-mask-deprecated-min.js"
            },
            {
              "CompressionType": "",
              "DataType": "image/png",
              "DownloadTime": 1250,
              "EventId": 61,
              "HttpStatus": 200,
              "Size": 3284,
              "URL": "http://ed.shaft.com/image/company_logo?img_id=0&t=1546936904601"
            },
            {
              "CompressionType": "",
              "DataType": "application/vnd.ms-fontobject",
              "DownloadTime": 15,
              "EventId": 57,
              "HttpStatus": 200,
              "Size": 77112,
              "URL": "http://ed.shaft.com/html/themes/classic/css/aui/alloy-font-awesome/font/fontawesome-alloy.eot?"
            },
            {
              "CompressionType": "gzip",
              "DataType": "text/css",
              "DownloadTime": 15,
              "EventId": 55,
              "HttpStatus": 200,
              "Size": 273,
              "URL": "http://ed.shaft.com/combo/?browserId=other&minifierType=&languageId=en_US&b=6201&t=1395209624000&/html/js/aui/widget-base/assets/skins/sam/widget-base.css&/html/js/aui/widget-stack/assets/skins/sam/widget-stack.css"
            },
            {
              "CompressionType": "gzip",
              "DataType": "text/javascript",
              "DownloadTime": 31,
              "EventId": 53,
              "HttpStatus": 200,
              "Size": 3677,
              "URL": "http://ed.shaft.com/combo/?browserId=other&minifierType=&languageId=en_US&b=6201&t=1395209624000&/html/js/aui/color-base/color-base-min.js&/html/js/aui/event-touch/event-touch-min.js&/html/js/liferay/dockbar.js"
            },
            {
              "CompressionType": "gzip",
              "DataType": "text/css",
              "DownloadTime": 859,
              "EventId": 33,
              "HttpStatus": 200,
              "Size": 18067,
              "URL": "http://ed.shaft.com/html/css/main.css?browserId=other&themeId=classic&minifierType=css&languageId=en_US&b=6201&t=1395140322000"
            },
            {
              "CompressionType": "gzip",
              "DataType": "text/javascript",
              "DownloadTime": 843,
              "EventId": 31,
              "HttpStatus": 200,
              "Size": 121687,
              "URL": "http://ed.shaft.com/html/js/barebone.jsp?browserId=other&themeId=classic&colorSchemeId=01&minifierType=js&minifierBundleId=javascript.barebone.files&languageId=en_US&b=6201&t=1395209624000"
            },
            {
              "CompressionType": "gzip",
              "DataType": "text/css",
              "DownloadTime": 813,
              "EventId": 29,
              "HttpStatus": 200,
              "Size": 15784,
              "URL": "http://ed.shaft.com/html/themes/classic/css/main.css?browserId=other&themeId=classic&minifierType=css&languageId=en_US&b=6201&t=1545334001000"
            },
            {
              "CompressionType": "gzip",
              "DataType": "text/css",
              "DownloadTime": 125,
              "EventId": 22,
              "HttpStatus": 200,
              "Size": 26912,
              "URL": "http://ed.shaft.com/html/themes/classic/css/aui.css?browserId=other&themeId=classic&minifierType=css&languageId=en_US&b=6201&t=1545334001000"
            },
            {
              "CompressionType": "gzip",
              "DataType": "text/html",
              "DownloadTime": 94,
              "EventId": 12,
              "HttpStatus": 200,
              "Size": 4461,
              "URL": "http://ed.shaft.com/"
            }
          ],
          "SSLCipher": "None",
          "SSLVersion": "None"
        }
      ],
      "IncludeInScript": true
    }
  ],
  "WebSocket": {
    "IncludeInScript": false,
    "IsScriptIncludeWebSocket": false
  },
  "NumberOfCorrelations": 0
}